job_id,title,company,location,url,is_easy_apply,experience_years,is_english,passed_filter,priority_tier,priority_label,ai_score,ai_reason,posted_time,applicants,job_description
4401740595,Senior Full-Stack-Developer (m/w/d),ZABEL,,https://www.linkedin.com/jobs/view/4401740595,True,,True,True,4,远程,90.0,"核心技术栈（TypeScript, Node.js, React/Next.js）高度匹配，岗位为全职，工作语言为英语。候选人作为全栈工程师，符合岗位对端到端产品所有权的要求。 | ✓TypeScript,Node.js,React | ✗Kafka,Temporal",,,"🚀 Senior Full-Stack Engineer (TypeScript)
Permanent Position | Full-Time
We are hiring a Senior Full-Stack Engineer (TypeScript) for a permanent, full-time position, with a strong focus on end-to-end product ownership 🔁.
This role is ideal for senior engineers who want to own complete product features — from backend and database design to frontend delivery — and work on complex, data-driven production systems 📊. I am looking for the BEST Typescript Developer in Germany. 
Salary up to 180,000 EUR, depending on experience and overall fit 💶 
🛠 What you will work on
End-to-end development of product features across the full stack
Backend services built with Node.js (TypeScript)
Frontend applications built with React / Next.js
Data modeling and database integration
Design and implementation of clean, strongly typed APIs
Development of data-driven features such as search, insights, and analytical views
Responsibility for performance, stability, and maintainability of production systems
✅ Must-haves
Senior-level experience with TypeScript
Strong hands-on experience with Node.js
Strong experience with React (Next.js is a plus)
Proven experience owning end-to-end product features!!
Experience designing and maintaining APIs
🎯 What We Offer
Salary up to 180,000 EUR, depending on experience and overall fit 💶 (I am looking for the best Typescript Developer in Germany!)
Modern tech stack: TypeScript, Next.js, Node, Kafka/Temporal, Postgres/OpenSearch, Kubernetes
Remote-first in Germany, with regular innovation sprints in Berlin
30 days of vacation, equipment & learning budget
High impact: your prototypes shape product development across multiple teams
📩 How to apply
Please send:
your CV, and
your salary expectations
to the contact below via Gmail.
Important: Please write me an email directly and attach your CV.
Contact
Beheshta Faqiri
📧 b.faqiri@zabelglobal.com
📞 +49 170 6539186
🌐 www.zabelglobal.com"
4400773547,Python Engineer,FetchJobs.co,,https://www.linkedin.com/jobs/view/4400773547,False,,True,True,4,远程,60.0,"候选人是全栈工程师，具备后端开发经验，但简历中未明确提及Python作为主要后端语言或其在该语言上的资深经验，而该岗位是资深Python工程师。 | ✓Backend Development,API Design,System Integration | ✗Python (Senior-level proficiency)",,,"About The Company

Tenhil GmbH & Co. KG is a leading provider of award-winning online recruiting solutions in Germany and Austria. The company operates a diverse portfolio of high-traffic online job marketplaces, including well-known platforms such as stellenanzeigen.de, Yourfirm.de, Regio-Jobanzeiger.de, Jobblitz.de, Kalaydo.de, and it-jobs.de. Additionally, Tenhil offers SaaS portal solutions that enable partners to run their own job boards effectively. The company also owns Karrieretag, a prominent organizer of career fairs, further strengthening its position in the recruitment industry. With a focus on innovation, quality, and customer satisfaction, Tenhil strives to connect talented professionals with the right opportunities, fostering growth for both employers and job seekers.

About The Role

We are seeking a skilled Senior Python Engineer (m/w/d) to join our dynamic team. In this role, you will be instrumental in developing scalable backend systems that are reliable, efficient, and maintainable. Your primary responsibilities will include designing and implementing robust APIs, services, and integrations that support our various platforms and partner solutions. You will work closely with cross-functional teams to ensure that our systems meet high standards of performance, stability, and security. This position offers an excellent opportunity to contribute to meaningful projects, influence architectural decisions, and advance your expertise in backend development within a collaborative and innovative environment.

Qualifications

The ideal candidate will possess several years of experience in software development with Python, demonstrating a strong commitment to clean code, testing, and maintainability. You should have a solid understanding of backend architectures and modern development practices. Proficiency with Django, PostgreSQL, Docker, Grafana, and Linux is essential. Experience with CI/CD pipelines, automation, and Git-based workflows will be highly valued. The candidate should demonstrate ownership mentality, technical depth, and enthusiasm for taking responsibility. Excellent communication skills in both German and English (minimum C1 level) are required to collaborate effectively within our international team.

Responsibilities

Your key responsibilities will include:

Developing productive Python backend systems, APIs, and integrations to support our platforms and partner services.
Designing and implementing scalable, maintainable, and high-performance services capable of handling real-world load.
Creating clear, pragmatic solutions for complex technical challenges, ensuring robustness and future scalability.
Continuously improving testing frameworks, deployment pipelines, performance monitoring, and overall code quality.
Actively participating in architectural discussions and technical decision-making to shape system design.
Collaborating closely with team members to build sustainable and resilient systems, fostering a culture of quality and innovation.
Benefits

Joining Tenhil offers numerous benefits designed to support your professional growth and work-life balance:

Our company culture emphasizes creativity and initiative, with a Duz-Kultur and short communication channels fostering an open and collaborative environment.
Comprehensive onboarding process, including multi-week individual training with a dedicated buddy and access to our onboarding academy.
An unbefristete (permanent) employment contract following a successful probation period of six months.
Flexible work arrangements, including the opportunity to work from home 2-3 days per week to promote work-life balance.
Access to a well-equipped office with complimentary coffee, fresh fruit, and rotating treats such as breakfast or lunch options.
WellPass membership providing access to yoga, swimming, sauna, and other wellness activities, allowing you to recharge at your convenience.
Monthly allowance of five individual benefits or goods to tailor support to your needs.
Corporate benefits program offering discounts of up to 20% across over 600 brands through our partnerships.
Opportunity to work abroad for up to four weeks per calendar year after approval, promoting international experience.
Additional perks include 30 days of vacation, a special leave day for volunteer work, company pension schemes, and opportunities for further training and development.
Equal Opportunity

Tenhil GmbH & Co. KG is committed to creating an inclusive and diverse workplace. We welcome applications from individuals of all backgrounds, regardless of gender, age, ethnicity, disability, or other characteristics protected by law. Our hiring process is fair and unbiased, and we strive to provide equal opportunities for growth and development to all employees. We believe that diversity enriches our team and enhances our ability to serve our clients and community effectively."
4401730818,"Senior Android Engineer (B2B, Contract)","Kotlin, Jetpack Compose, Coroutines, Flow, RxJava",,https://www.linkedin.com/jobs/view/4401730818,True,,True,True,4,远程,10.0,"候选人是前端/全栈工程师，而该岗位是高级Android工程师，技术栈（Kotlin, Jetpack Compose等）完全不匹配，专业方向差异巨大。 | ✗Kotlin,Jetpack Compose",,,"Owen Thomas | B Corp™
Senior Android Engineer (B2B, Contract) | Kotlin, Jetpack Compose, Coroutines, Flow, RxJava | Modernising Legacy Android Platform | €330/day | Fully Remote | 6-Month Contract
European Union · 5 hours ago · 12 applicants
Promoted by hirer · No response insights available yet
Remote
Contract
Easy Apply
Save
See how you compare to 12 applicants
Access exclusive applicant insights, see jobs where you have the highest chance of hearing back, and more.
Reactivate Premium: 50% Off
Looking for talent?
Post a job
About
Accessibility
Talent Solutions
Community Guidelines
Careers
Marketing Solutions 
Privacy & Terms
Ad Choices
Advertising
Sales Solutions
Mobile
Small Business
Safety Center
LinkedIn Corporation © 2026
Questions?
Visit our Help Center.
Manage your account and privacy
Go to your Settings.
Recommendation transparency
Learn more about Recommended Content.
Select language
العربية (Arabic)
বাংলা (Bangla)
Čeština (Czech)
Dansk (Danish)
Deutsch (German)
Ελληνικά (Greek)
English (English)
Español (Spanish)
فارسی (Persian)
Suomi (Finnish)
Français (French)
हिंदी (Hindi)
Magyar (Hungarian)
Bahasa Indonesia (Indonesian)
Italiano (Italian)
עברית (Hebrew)
日本語 (Japanese)
한국어 (Korean)
मराठी (Marathi)
Bahasa Malaysia (Malay)
Nederlands (Dutch)
Norsk (Norwegian)
ਪੰਜਾਬੀ (Punjabi)
Polski (Polish)
Português (Portuguese)
Română (Romanian)
Русский (Russian)
Svenska (Swedish)
తెలుగు (Telugu)
ภาษาไทย (Thai)
Tagalog (Tagalog)
Türkçe (Turkish)
Українська (Ukrainian)
Tiếng Việt (Vietnamese)
简体中文 (Chinese (Simplified))
正體中文 (Chinese (Traditional))"
4401757288,Senior Full-Stack Developer (m/w/d),Probatix,,https://www.linkedin.com/jobs/view/4401757288,True,,True,True,99,其他,85.0,"候选人是全栈工程师，与岗位职责高度匹配。工作地点在德国，候选人英语流利，德语B1，岗位描述未明确要求德语为工作语言，因此语言上无障碍。岗位为全职，但未提及签证或relocation支持。 | ✓Full-Stack Development,Frontend Development,Backend Development",,,"Probatix
Senior Full-Stack Developer (m/w/d)
Berlin, Germany · 4 hours ago · 17 applicants
Promoted by hirer · Company review time is typically 1 week
Hybrid
Full-time
Easy Apply
Save
See how you compare to 17 applicants
Access exclusive applicant insights, see jobs where you have the highest chance of hearing back, and more.
Reactivate Premium: 50% Off
Looking for talent?
Post a job
About
Accessibility
Talent Solutions
Community Guidelines
Careers
Marketing Solutions 
Privacy & Terms
Ad Choices
Advertising
Sales Solutions
Mobile
Small Business
Safety Center
LinkedIn Corporation © 2026
Questions?
Visit our Help Center.
Manage your account and privacy
Go to your Settings.
Recommendation transparency
Learn more about Recommended Content.
Select language
العربية (Arabic)
বাংলা (Bangla)
Čeština (Czech)
Dansk (Danish)
Deutsch (German)
Ελληνικά (Greek)
English (English)
Español (Spanish)
فارسی (Persian)
Suomi (Finnish)
Français (French)
हिंदी (Hindi)
Magyar (Hungarian)
Bahasa Indonesia (Indonesian)
Italiano (Italian)
עברית (Hebrew)
日本語 (Japanese)
한국어 (Korean)
मराठी (Marathi)
Bahasa Malaysia (Malay)
Nederlands (Dutch)
Norsk (Norwegian)
ਪੰਜਾਬੀ (Punjabi)
Polski (Polish)
Português (Portuguese)
Română (Romanian)
Русский (Russian)
Svenska (Swedish)
తెలుగు (Telugu)
ภาษาไทย (Thai)
Tagalog (Tagalog)
Türkçe (Turkish)
Українська (Ukrainian)
Tiếng Việt (Vietnamese)
简体中文 (Chinese (Simplified))
正體中文 (Chinese (Traditional))"
4401767974,Programmierer / Web-Entwickler (w/m/d),ZOXS GmbH,,https://www.linkedin.com/jobs/view/4401767974,False,,True,True,99,其他,78.0,"岗位名称“Programmierer / Web-Entwickler”与候选人“Frontend / Full-Stack Engineer”角色高度匹配。JD中未明确要求德语作为工作语言或特定高级别德语能力，候选人B1德语和流利英语应能应对。但JD缺乏具体技术栈和详细要求，无法进行更深入的评估。 | ✓Web Development,Frontend Development,Full-Stack Development",,,"ZOXS GmbH
Programmierer / Web-Entwickler (w/m/d)
Duisburg, North Rhine-Westphalia, Germany · 1 hour ago · 5 people clicked apply
Responses managed off LinkedIn
Full-time
Apply
Save
See how you compare to 5 others who clicked apply
Access exclusive applicant insights, see jobs where you have the highest chance of hearing back, and more.
Reactivate Premium: 50% Off
Looking for talent?
Post a job
About
Accessibility
Talent Solutions
Community Guidelines
Careers
Marketing Solutions 
Privacy & Terms
Ad Choices
Advertising
Sales Solutions
Mobile
Small Business
Safety Center
LinkedIn Corporation © 2026
Questions?
Visit our Help Center.
Manage your account and privacy
Go to your Settings.
Recommendation transparency
Learn more about Recommended Content.
Select language
العربية (Arabic)
বাংলা (Bangla)
Čeština (Czech)
Dansk (Danish)
Deutsch (German)
Ελληνικά (Greek)
English (English)
Español (Spanish)
فارسی (Persian)
Suomi (Finnish)
Français (French)
हिंदी (Hindi)
Magyar (Hungarian)
Bahasa Indonesia (Indonesian)
Italiano (Italian)
עברית (Hebrew)
日本語 (Japanese)
한국어 (Korean)
मराठी (Marathi)
Bahasa Malaysia (Malay)
Nederlands (Dutch)
Norsk (Norwegian)
ਪੰਜਾਬੀ (Punjabi)
Polski (Polish)
Português (Portuguese)
Română (Romanian)
Русский (Russian)
Svenska (Swedish)
తెలుగు (Telugu)
ภาษาไทย (Thai)
Tagalog (Tagalog)
Türkçe (Turkish)
Українська (Ukrainian)
Tiếng Việt (Vietnamese)
简体中文 (Chinese (Simplified))
正體中文 (Chinese (Traditional))"
4401794556,Frontend Software Architect (w/m/d),Capgemini,,https://www.linkedin.com/jobs/view/4401794556,False,,True,True,99,其他,75.0,"岗位名称“Frontend Software Architect”与候选人“Frontend / Full-Stack Engineer”角色高度匹配，表明有晋升或高级岗位的潜力。然而，JD信息极少，无法评估具体技能要求和经验深度。岗位为全职，但未明确提及签证或搬迁支持。 | ✓Frontend Development,Full-Stack Development,Software Architecture | ✗N/A (岗位描述过于简略，无法判断具体缺失技能)",,,"Capgemini
Frontend Software Architect (w/m/d)
Hannover, Lower Saxony, Germany · 11 minutes ago · 0 people clicked apply
Responses managed off LinkedIn
Full-time
Apply
Save
See recent hiring trends for Capgemini
Access exclusive applicant insights, see jobs where you have the highest chance of hearing back, and more.
Reactivate Premium: 50% Off
Looking for talent?
Post a job
About
Accessibility
Talent Solutions
Community Guidelines
Careers
Marketing Solutions 
Privacy & Terms
Ad Choices
Advertising
Sales Solutions
Mobile
Small Business
Safety Center
LinkedIn Corporation © 2026
Questions?
Visit our Help Center.
Manage your account and privacy
Go to your Settings.
Recommendation transparency
Learn more about Recommended Content.
Select language
العربية (Arabic)
বাংলা (Bangla)
Čeština (Czech)
Dansk (Danish)
Deutsch (German)
Ελληνικά (Greek)
English (English)
Español (Spanish)
فارسی (Persian)
Suomi (Finnish)
Français (French)
हिंदी (Hindi)
Magyar (Hungarian)
Bahasa Indonesia (Indonesian)
Italiano (Italian)
עברית (Hebrew)
日本語 (Japanese)
한국어 (Korean)
मराठी (Marathi)
Bahasa Malaysia (Malay)
Nederlands (Dutch)
Norsk (Norwegian)
ਪੰਜਾਬੀ (Punjabi)
Polski (Polish)
Português (Portuguese)
Română (Romanian)
Русский (Russian)
Svenska (Swedish)
తెలుగు (Telugu)
ภาษาไทย (Thai)
Tagalog (Tagalog)
Türkçe (Turkish)
Українська (Ukrainian)
Tiếng Việt (Vietnamese)
简体中文 (Chinese (Simplified))
正體中文 (Chinese (Traditional))"
4389200946,Fullstack Java Entwickler (Typescript) (m/w/d),Materna,,https://www.linkedin.com/jobs/view/4389200946,False,,True,True,99,其他,70.0,"候选人是全栈工程师，与岗位类型匹配，且Typescript技能可能符合。但简历未明确提及Java经验，这可能是主要技能缺失。岗位描述未提及签证赞助。 | ✓Full-Stack,Typescript | ✗Java",,,"Materna
Fullstack Java Entwickler (Typescript) (m/w/d) 
Germany · Reposted 2 hours ago · 55 people clicked apply
Promoted by hirer · Responses managed off LinkedIn
Remote
Full-time
Apply
Save
See how you compare to 55 others who clicked apply
Access exclusive applicant insights, see jobs where you have the highest chance of hearing back, and more.
Reactivate Premium: 50% Off
Looking for talent?
Post a job
About
Accessibility
Talent Solutions
Community Guidelines
Careers
Marketing Solutions 
Privacy & Terms
Ad Choices
Advertising
Sales Solutions
Mobile
Small Business
Safety Center
LinkedIn Corporation © 2026
Questions?
Visit our Help Center.
Manage your account and privacy
Go to your Settings.
Recommendation transparency
Learn more about Recommended Content.
Select language
العربية (Arabic)
বাংলা (Bangla)
Čeština (Czech)
Dansk (Danish)
Deutsch (German)
Ελληνικά (Greek)
English (English)
Español (Spanish)
فارسی (Persian)
Suomi (Finnish)
Français (French)
हिंदी (Hindi)
Magyar (Hungarian)
Bahasa Indonesia (Indonesian)
Italiano (Italian)
עברית (Hebrew)
日本語 (Japanese)
한국어 (Korean)
मराठी (Marathi)
Bahasa Malaysia (Malay)
Nederlands (Dutch)
Norsk (Norwegian)
ਪੰਜਾਬੀ (Punjabi)
Polski (Polish)
Português (Portuguese)
Română (Romanian)
Русский (Russian)
Svenska (Swedish)
తెలుగు (Telugu)
ภาษาไทย (Thai)
Tagalog (Tagalog)
Türkçe (Turkish)
Українська (Ukrainian)
Tiếng Việt (Vietnamese)
简体中文 (Chinese (Simplified))
正體中文 (Chinese (Traditional))"
4401784951,(Senior) Forward Deployed Engineer,Blockbrain,,https://www.linkedin.com/jobs/view/4401784951,False,,True,True,99,其他,65.0,岗位描述信息极度缺乏，无法评估具体技能匹配度。根据职位名称，候选人作为全栈工程师有潜在匹配度，且岗位为全职。无明确德语要求，但无签证支持信息，故不加首选加分。,,,"Blockbrain
(Senior) Forward Deployed Engineer
Stuttgart, Baden-Württemberg, Germany · 13 minutes ago · 0 people clicked apply
Responses managed off LinkedIn
Full-time
Apply
Save
See recent hiring trends for Blockbrain
Access exclusive applicant insights, see jobs where you have the highest chance of hearing back, and more.
Reactivate Premium: 50% Off
Looking for talent?
Post a job
About
Accessibility
Talent Solutions
Community Guidelines
Careers
Marketing Solutions 
Privacy & Terms
Ad Choices
Advertising
Sales Solutions
Mobile
Small Business
Safety Center
LinkedIn Corporation © 2026
Questions?
Visit our Help Center.
Manage your account and privacy
Go to your Settings.
Recommendation transparency
Learn more about Recommended Content.
Select language
العربية (Arabic)
বাংলা (Bangla)
Čeština (Czech)
Dansk (Danish)
Deutsch (German)
Ελληνικά (Greek)
English (English)
Español (Spanish)
فارسی (Persian)
Suomi (Finnish)
Français (French)
हिंदी (Hindi)
Magyar (Hungarian)
Bahasa Indonesia (Indonesian)
Italiano (Italian)
עברית (Hebrew)
日本語 (Japanese)
한국어 (Korean)
मराठी (Marathi)
Bahasa Malaysia (Malay)
Nederlands (Dutch)
Norsk (Norwegian)
ਪੰਜਾਬੀ (Punjabi)
Polski (Polish)
Português (Portuguese)
Română (Romanian)
Русский (Russian)
Svenska (Swedish)
తెలుగు (Telugu)
ภาษาไทย (Thai)
Tagalog (Tagalog)
Türkçe (Turkish)
Українська (Ukrainian)
Tiếng Việt (Vietnamese)
简体中文 (Chinese (Simplified))
正體中文 (Chinese (Traditional))"
4401769104,Software Engineer (m/w/d) – Fokus Backend & Systemintegration,Software Engineering GmbH,,https://www.linkedin.com/jobs/view/4401769104,False,,True,True,99,其他,65.0,"岗位描述过于简略，无法判断具体技术栈匹配度。候选人是全栈工程师，具备后端能力，但岗位强调后端与系统集成，可能需要更深入的后端经验。无明确语言要求，候选人英语流利，德语B1。 | ✓Backend Development,Software Engineering | ✗System Integration Expertise,Specific Backend Technologies (e.g., specific languages, frameworks, databases)",,,"Software Engineering GmbH
Software Engineer (m/w/d) – Fokus Backend & Systemintegration
Cham, Bavaria, Germany · 3 hours ago · 5 people clicked apply
Responses managed off LinkedIn
Full-time
Apply
Save
See how you compare to 5 others who clicked apply
Access exclusive applicant insights, see jobs where you have the highest chance of hearing back, and more.
Reactivate Premium: 50% Off
Looking for talent?
Post a job
About
Accessibility
Talent Solutions
Community Guidelines
Careers
Marketing Solutions 
Privacy & Terms
Ad Choices
Advertising
Sales Solutions
Mobile
Small Business
Safety Center
LinkedIn Corporation © 2026
Questions?
Visit our Help Center.
Manage your account and privacy
Go to your Settings.
Recommendation transparency
Learn more about Recommended Content.
Select language
العربية (Arabic)
বাংলা (Bangla)
Čeština (Czech)
Dansk (Danish)
Deutsch (German)
Ελληνικά (Greek)
English (English)
Español (Spanish)
فارسی (Persian)
Suomi (Finnish)
Français (French)
हिंदी (Hindi)
Magyar (Hungarian)
Bahasa Indonesia (Indonesian)
Italiano (Italian)
עברית (Hebrew)
日本語 (Japanese)
한국어 (Korean)
मराठी (Marathi)
Bahasa Malaysia (Malay)
Nederlands (Dutch)
Norsk (Norwegian)
ਪੰਜਾਬੀ (Punjabi)
Polski (Polish)
Português (Portuguese)
Română (Romanian)
Русский (Russian)
Svenska (Swedish)
తెలుగు (Telugu)
ภาษาไทย (Thai)
Tagalog (Tagalog)
Türkçe (Turkish)
Українська (Ukrainian)
Tiếng Việt (Vietnamese)
简体中文 (Chinese (Simplified))
正體中文 (Chinese (Traditional))"
4401757966,Backend Python Entwickler mit ETL Kenntnissen (m/w/d),auteega GmbH,,https://www.linkedin.com/jobs/view/4401757966,False,,True,True,99,其他,55.0,"候选人是全栈工程师，可能具备Python后端经验，但岗位侧重后端Python开发和ETL知识，ETL经验在简历中未明确体现，匹配度一般。 | ✓Python,Backend Development (general) | ✗ETL Kenntnisse,Specialized Backend Python Development",,,"auteega GmbH
Backend Python Entwickler mit ETL Kenntnissen (m/w/d)
Eggenstein-Leopoldshafen, Baden-Württemberg, Germany · 2 hours ago · 9 people clicked apply
Promoted by hirer · Responses managed off LinkedIn
Hybrid
Full-time
Apply
Save
See how you compare to 9 others who clicked apply
Access exclusive applicant insights, see jobs where you have the highest chance of hearing back, and more.
Reactivate Premium: 50% Off
Looking for talent?
Post a job
About
Accessibility
Talent Solutions
Community Guidelines
Careers
Marketing Solutions 
Privacy & Terms
Ad Choices
Advertising
Sales Solutions
Mobile
Small Business
Safety Center
LinkedIn Corporation © 2026
Questions?
Visit our Help Center.
Manage your account and privacy
Go to your Settings.
Recommendation transparency
Learn more about Recommended Content.
Select language
العربية (Arabic)
বাংলা (Bangla)
Čeština (Czech)
Dansk (Danish)
Deutsch (German)
Ελληνικά (Greek)
English (English)
Español (Spanish)
فارسی (Persian)
Suomi (Finnish)
Français (French)
हिंदी (Hindi)
Magyar (Hungarian)
Bahasa Indonesia (Indonesian)
Italiano (Italian)
עברית (Hebrew)
日本語 (Japanese)
한국어 (Korean)
मराठी (Marathi)
Bahasa Malaysia (Malay)
Nederlands (Dutch)
Norsk (Norwegian)
ਪੰਜਾਬੀ (Punjabi)
Polski (Polish)
Português (Portuguese)
Română (Romanian)
Русский (Russian)
Svenska (Swedish)
తెలుగు (Telugu)
ภาษาไทย (Thai)
Tagalog (Tagalog)
Türkçe (Turkish)
Українська (Ukrainian)
Tiếng Việt (Vietnamese)
简体中文 (Chinese (Simplified))
正體中文 (Chinese (Traditional))"
4401790100,Mobile Backend Entwickler Kotlin (all genders),CEWE Group,,https://www.linkedin.com/jobs/view/4401790100,False,,True,True,99,其他,45.0,候选人作为全栈工程师具备后端开发能力，但岗位明确要求Kotlin，简历中未体现相关经验，需学习新语言。德语B1水平符合岗位无明确德语工作语言要求。 | ✓Backend Development | ✗Kotlin,,,"CEWE Group
Mobile Backend Entwickler Kotlin (all genders)
Oldenburg, Lower Saxony, Germany · 1 hour ago · 1 person clicked apply
Responses managed off LinkedIn
Full-time
Apply
Save
See recent hiring trends for CEWE Group
Access exclusive applicant insights, see jobs where you have the highest chance of hearing back, and more.
Reactivate Premium: 50% Off
Looking for talent?
Post a job
About
Accessibility
Talent Solutions
Community Guidelines
Careers
Marketing Solutions 
Privacy & Terms
Ad Choices
Advertising
Sales Solutions
Mobile
Small Business
Safety Center
LinkedIn Corporation © 2026
Questions?
Visit our Help Center.
Manage your account and privacy
Go to your Settings.
Recommendation transparency
Learn more about Recommended Content.
Select language
العربية (Arabic)
বাংলা (Bangla)
Čeština (Czech)
Dansk (Danish)
Deutsch (German)
Ελληνικά (Greek)
English (English)
Español (Spanish)
فارسی (Persian)
Suomi (Finnish)
Français (French)
हिंदी (Hindi)
Magyar (Hungarian)
Bahasa Indonesia (Indonesian)
Italiano (Italian)
עברית (Hebrew)
日本語 (Japanese)
한국어 (Korean)
मराठी (Marathi)
Bahasa Malaysia (Malay)
Nederlands (Dutch)
Norsk (Norwegian)
ਪੰਜਾਬੀ (Punjabi)
Polski (Polish)
Português (Portuguese)
Română (Romanian)
Русский (Russian)
Svenska (Swedish)
తెలుగు (Telugu)
ภาษาไทย (Thai)
Tagalog (Tagalog)
Türkçe (Turkish)
Українська (Ukrainian)
Tiếng Việt (Vietnamese)
简体中文 (Chinese (Simplified))
正體中文 (Chinese (Traditional))"
4389433066,Java Backend Developer (Spring Boot / Microservices) – E-Government Zoll (m/w/d),Materna,,https://www.linkedin.com/jobs/view/4389433066,False,,True,True,99,其他,35.0,"候选人是前端/全栈工程师，而岗位明确要求Java后端开发（Spring Boot/Microservices），存在核心技术栈不匹配。岗位为远程全职，且德语B1水平不构成障碍（JD未明确要求德语为工作语言或流利）。 | ✗Java,Spring Boot",,,"Materna
Java Backend Developer (Spring Boot / Microservices) – E-Government Zoll (m/w/d) 
Germany · Reposted 2 hours ago · 59 people clicked apply
Promoted by hirer · Responses managed off LinkedIn
Remote
Full-time
Apply
Save
See how you compare to 59 others who clicked apply
Access exclusive applicant insights, see jobs where you have the highest chance of hearing back, and more.
Reactivate Premium: 50% Off
Looking for talent?
Post a job
About
Accessibility
Talent Solutions
Community Guidelines
Careers
Marketing Solutions 
Privacy & Terms
Ad Choices
Advertising
Sales Solutions
Mobile
Small Business
Safety Center
LinkedIn Corporation © 2026
Questions?
Visit our Help Center.
Manage your account and privacy
Go to your Settings.
Recommendation transparency
Learn more about Recommended Content.
Select language
العربية (Arabic)
বাংলা (Bangla)
Čeština (Czech)
Dansk (Danish)
Deutsch (German)
Ελληνικά (Greek)
English (English)
Español (Spanish)
فارسی (Persian)
Suomi (Finnish)
Français (French)
हिंदी (Hindi)
Magyar (Hungarian)
Bahasa Indonesia (Indonesian)
Italiano (Italian)
עברית (Hebrew)
日本語 (Japanese)
한국어 (Korean)
मराठी (Marathi)
Bahasa Malaysia (Malay)
Nederlands (Dutch)
Norsk (Norwegian)
ਪੰਜਾਬੀ (Punjabi)
Polski (Polish)
Português (Portuguese)
Română (Romanian)
Русский (Russian)
Svenska (Swedish)
తెలుగు (Telugu)
ภาษาไทย (Thai)
Tagalog (Tagalog)
Türkçe (Turkish)
Українська (Ukrainian)
Tiếng Việt (Vietnamese)
简体中文 (Chinese (Simplified))
正體中文 (Chinese (Traditional))"
4401735958,AI Platform Engineer (m/w/d),AI-Z Group,,https://www.linkedin.com/jobs/view/4401735958,False,,True,True,99,其他,30.0,"候选人是前端/全栈工程师，与AI平台工程师的核心领域不符，简历中未明确体现AI/ML平台开发经验。岗位描述过于简略，难以评估具体技能匹配度。 | ✗AI/ML平台开发经验,机器学习框架",,,"AI-Z Group
AI Platform Engineer (m/w/d)
Stuttgart, Baden-Württemberg, Germany · 3 hours ago · 7 people clicked apply
Promoted by hirer · Responses managed off LinkedIn
Hybrid
Full-time
Apply
Save
See how you compare to 7 others who clicked apply
Access exclusive applicant insights, see jobs where you have the highest chance of hearing back, and more.
Reactivate Premium: 50% Off
Looking for talent?
Post a job
About
Accessibility
Talent Solutions
Community Guidelines
Careers
Marketing Solutions 
Privacy & Terms
Ad Choices
Advertising
Sales Solutions
Mobile
Small Business
Safety Center
LinkedIn Corporation © 2026
Questions?
Visit our Help Center.
Manage your account and privacy
Go to your Settings.
Recommendation transparency
Learn more about Recommended Content.
Select language
العربية (Arabic)
বাংলা (Bangla)
Čeština (Czech)
Dansk (Danish)
Deutsch (German)
Ελληνικά (Greek)
English (English)
Español (Spanish)
فارسی (Persian)
Suomi (Finnish)
Français (French)
हिंदी (Hindi)
Magyar (Hungarian)
Bahasa Indonesia (Indonesian)
Italiano (Italian)
עברית (Hebrew)
日本語 (Japanese)
한국어 (Korean)
मराठी (Marathi)
Bahasa Malaysia (Malay)
Nederlands (Dutch)
Norsk (Norwegian)
ਪੰਜਾਬੀ (Punjabi)
Polski (Polish)
Português (Portuguese)
Română (Romanian)
Русский (Russian)
Svenska (Swedish)
తెలుగు (Telugu)
ภาษาไทย (Thai)
Tagalog (Tagalog)
Türkçe (Turkish)
Українська (Ukrainian)
Tiếng Việt (Vietnamese)
简体中文 (Chinese (Simplified))
正體中文 (Chinese (Traditional))"
4399781507,"Software Engineer (CLion, Embedded Debugging, and Integrations)",JetBrains,,https://www.linkedin.com/jobs/view/4399781507,False,,True,True,99,其他,25.0,"岗位标题明确指向C/C++、嵌入式调试等领域，与候选人前端/全栈背景差异较大。提供的岗位描述过于简略，无法评估具体技能要求，但从标题看技术栈不匹配。 | ✗C/C++,Embedded Systems",,,"JetBrains
Software Engineer (CLion, Embedded Debugging, and Integrations) 
Berlin, Berlin, Germany · 40 minutes ago · 1 person clicked apply
Responses managed off LinkedIn
Full-time
Apply
Save
See recent hiring trends for JetBrains
Access exclusive applicant insights, see jobs where you have the highest chance of hearing back, and more.
Reactivate Premium: 50% Off
Looking for talent?
Post a job
About
Accessibility
Talent Solutions
Community Guidelines
Careers
Marketing Solutions 
Privacy & Terms
Ad Choices
Advertising
Sales Solutions
Mobile
Small Business
Safety Center
LinkedIn Corporation © 2026
Questions?
Visit our Help Center.
Manage your account and privacy
Go to your Settings.
Recommendation transparency
Learn more about Recommended Content.
Select language
العربية (Arabic)
বাংলা (Bangla)
Čeština (Czech)
Dansk (Danish)
Deutsch (German)
Ελληνικά (Greek)
English (English)
Español (Spanish)
فارسی (Persian)
Suomi (Finnish)
Français (French)
हिंदी (Hindi)
Magyar (Hungarian)
Bahasa Indonesia (Indonesian)
Italiano (Italian)
עברית (Hebrew)
日本語 (Japanese)
한국어 (Korean)
मराठी (Marathi)
Bahasa Malaysia (Malay)
Nederlands (Dutch)
Norsk (Norwegian)
ਪੰਜਾਬੀ (Punjabi)
Polski (Polish)
Português (Portuguese)
Română (Romanian)
Русский (Russian)
Svenska (Swedish)
తెలుగు (Telugu)
ภาษาไทย (Thai)
Tagalog (Tagalog)
Türkçe (Turkish)
Українська (Ukrainian)
Tiếng Việt (Vietnamese)
简体中文 (Chinese (Simplified))
正體中文 (Chinese (Traditional))"
